<?xml version="1.0" encoding="UTF-8" standalone="yes"?>
<addon
  id="plugin.video.azdrama"
  version="1.0.67"
  name="azdrama.net"
  provider-name="Dknight (maintained by csoboy)">
  <requires>
        <import addon="xbmc.python" version="2.1.0" optional="true" />
		<import addon="script.module.html5lib" version="0.999.0"/>
    		<import addon="script.module.beautifulsoup4" version="4.3.2"/>
    		<import addon="script.module.requests" version="2.12.4"/>
 		<import addon="script.module.simplejson" />
		<import addon="script.module.t0mm0.common" version="1.1.0"/>
  </requires>
  <extension point="xbmc.python.pluginsource"
            library="default.py">
        <provides>video</provides>
  </extension>
  <extension point="xbmc.addon.metadata">
    <summary>azdrama.net</summary>
    <description>Watch azdrama.net (Chinese)Videos</description>
    <platform>all</platform>
  </extension>
  <extension point="xbmc.addon.repository"
              name="private add-on repository">
    <info compressed="true">https://raw.githubusercontent.com/csoboy/repo/master/addons.xml</info>
    <checksum>https://raw.githubusercontent.com/csoboy/repo/master/addons.xml.md5</checksum>
    <datadir zip="true">https://raw.githubusercontent.com/csoboy/repo/master</datadir>
  </extension>
</addon>
